Point Name,Code,Original Latitude,Original Longitude,Original Altitude,Station Correction x,Station Correction y,Station Correction h,Latitude,Longitude,Altitude,Antenna Height,Northing,Easting,Elevation,Solution Status,Used satellites,Tracked satellites,PDOP,HRMS,VRMS,AGE,Local date,Local time,Base ID,Base Latitude,Base Longitude,Base Altitude,Base North,Base East,Base Height,Distance to Ref,Inclination correction,Inclined angle,Projected angle,Correction x,Correction y,Correction h,Target,Station.,Offset,Elevation diff.,Dist to start,Tower Name,Tower No.,Azimuth,Pitch Angle
Pt1,,42°19'04.7310",21°10'34.5847",591.374,0.000,0.000,0.000,42°19'04.7310",21°10'34.5847",591.374,2.07,4686503.390,7514530.010,591.374,FIXED,27,29,1.16,0.004,0.006,1,2025-08-24,09:22:29,1532,42°19'04.7621",21°10'34.8910",593.268,4686504.362,7514537.023,593.268,7.083,0,0°00'00",0°00'00",0.00000000,0.00000000,0,,0,0,591.374,,,,82°06'52.8233",14°29'11.9278"
Pt2,Muri,42°19'04.7320",21°10'34.5821",591.379,0.000,0.000,0.000,42°19'04.7320",21°10'34.5821",591.379,2.07,4686503.420,7514529.950,591.379,FIXED,27,29,1.16,0.004,0.006,1,2025-08-24,09:22:40,1532,42°19'04.7621",21°10'34.8910",593.268,4686504.362,7514537.023,593.268,7.138,0,0°00'00",0°00'00",0.00000000,0.00000000,0,,0,0,591.379,,,,82°24'46.0212",14°24'44.1147"
Pt3,,42°19'04.6745",21°10'34.3757",591.455,0.000,0.000,0.000,42°19'04.6745",21°10'34.3757",591.455,2.07,4686501.635,7514525.229,591.455,FIXED,28,29,1.16,0.006,0.008,1,2025-08-24,09:23:05,1532,42°19'04.7621",21°10'34.8910",593.268,4686504.362,7514537.023,593.268,12.11,0,0°00'00",0°00'00",0.00000000,0.00000000,0,,0,0,591.455,,,,76°58'56.9134",8°25'24.5391"
Pt4,,42°19'05.3603",21°10'34.1758",590.913,0.000,0.000,0.000,42°19'05.3603",21°10'34.1758",590.913,2.07,4686522.784,7514520.608,590.913,FIXED,29,30,1.16,0.005,0.007,1,2025-08-24,09:24:17,1532,42°19'04.7621",21°10'34.8910",593.268,4686504.362,7514537.023,593.268,24.68,0,0°00'00",0°00'00",0.00000000,0.00000000,0,,0,0,590.913,,,,138°17'51.8956",5°25'33.0618"
Pt5,Muri,42°19'05.3603",21°10'34.1694",590.874,0.000,0.000,0.000,42°19'05.3603",21°10'34.1694",590.874,2.07,4686522.784,7514520.461,590.874,FIXED,29,30,1.16,0.005,0.006,1,2025-08-24,09:24:23,1532,42°19'04.7621",21°10'34.8910",593.268,4686504.362,7514537.023,593.268,24.779,0,0°00'00",0°00'00",0.00000000,0.00000000,0,,0,0,590.874,,,,138°03'16.4621",5°30'56.6331"
Pt6,Asfallt,42°19'05.2936",21°10'34.0030",590.870,0.000,0.000,0.000,42°19'05.2936",21°10'34.0030",590.870,2.07,4686520.720,7514516.655,590.870,FIXED,28,29,1.01,0.006,0.009,1,2025-08-24,09:25:01,1532,42°19'04.7621",21°10'34.8910",593.268,4686504.362,7514537.023,593.268,26.131,0,0°00'00",0°00'00",0.00000000,0.00000000,0,,0,0,590.87,,,,128°47'32.9493",5°12'54.9487"
Pt7,,42°19'05.5256",21°10'34.0353",590.815,0.000,0.000,0.000,42°19'05.5256",21°10'34.0353",590.815,2.07,4686527.879,7514517.381,590.815,FIXED,29,30,0.91,0.005,0.007,1,2025-08-24,09:26:37,1532,42°19'04.7621",21°10'34.8910",593.268,4686504.362,7514537.023,593.268,30.649,0,0°00'00",0°00'00",0.00000000,0.00000000,0,,0,0,590.815,,,,140°08'12.4638",4°34'16.3657"
Pt8,Asfallt,42°19'05.4837",21°10'33.8688",590.781,0.000,0.000,0.000,42°19'05.4837",21°10'33.8688",590.781,2.07,4686526.577,7514513.570,590.781,FIXED,29,30,0.91,0.005,0.006,1,2025-08-24,09:27:06,1532,42°19'04.7621",21°10'34.8910",593.268,4686504.362,7514537.023,593.268,32.312,0,0°00'00",0°00'00",0.00000000,0.00000000,0,,0,0,590.782,,,,133°24'27.6863",4°22'46.1959"
Pt9,Kati,42°19'05.7376",21°10'33.8928",590.625,0.000,0.000,0.000,42°19'05.7376",21°10'33.8928",590.625,2.07,4686534.411,7514514.105,590.625,FIXED,33,34,0.91,0.005,0.007,1,2025-08-24,09:28:19,1538,42°19'05.7082",21°10'33.8359",592.715,4686533.501,7514512.804,592.715,1.588,0,0°00'00",0°00'00",0.00000000,0.00000000,0,,14.954,-0.017,590.625,,,,235°26'49.23",38°35'23.1066"
Pt10,Ndarje,42°19'05.7374",21°10'33.8933",590.605,0.000,0.000,0.000,42°19'05.7374",21°10'33.8933",590.605,2.07,4686534.405,7514514.117,590.605,FIXED,32,33,0.91,0.005,0.008,1,2025-08-24,09:28:26,1538,42°19'05.7082",21°10'33.8359",592.715,4686533.501,7514512.804,592.715,1.595,0,0°00'00",0°00'00",0.00000000,0.00000000,0,,14.965,-0.025,590.605,,,,235°05'26.6473",38°36'43.5432"
Pt11,Asfallt,42°19'05.6826",21°10'33.7345",590.569,0.000,0.000,0.000,42°19'05.6826",21°10'33.7345",590.569,2.07,4686532.708,7514510.483,590.569,FIXED,29,30,0.91,0.007,0.007,1,2025-08-24,09:28:55,1538,42°19'05.7082",21°10'33.8359",592.715,4686533.501,7514512.804,592.715,2.454,0,0°00'00",0°00'00",0.00000000,0.00000000,0,,34.568,0.016,590.569,,,,70°44'18.671",33°19'08.0126"
Pt12,Ndarje,42°19'05.6352",21°10'33.5207",590.610,0.000,0.000,0.000,42°19'05.6352",21°10'33.5207",590.610,2.07,4686531.237,7514505.592,590.610,FIXED,30,31,0.91,0.006,0.006,1,2025-08-24,09:29:16,1538,42°19'05.7082",21°10'33.8359",592.715,4686533.501,7514512.804,592.715,7.561,0,0°00'00",0°00'00",0.00000000,0.00000000,0,,35.457,-5.014,590.61,,,,72°28'08.9721",15°02'34.438"
Pt13,,42°19'06.1693",21°10'33.5993",589.966,0.000,0.000,0.000,42°19'06.1693",21°10'33.5993",589.966,2.07,4686547.716,7514507.356,589.966,FIXED,28,29,0.93,0.006,0.005,1,2025-08-24,09:30:25,1538,42°19'05.7082",21°10'33.8359",592.715,4686533.501,7514512.804,592.715,15.241,0,0°00'00",0°00'00",0.00000000,0.00000000,0,,0,0,589.966,,,,158°58'25.262",9°57'52.0647"
Pt14,Asfallt,42°19'06.1074",21°10'33.4392",589.992,0.000,0.000,0.000,42°19'06.1074",21°10'33.4392",589.992,2.07,4686545.800,7514503.694,589.992,FIXED,28,29,0.93,0.007,0.007,1,2025-08-24,09:30:41,1538,42°19'05.7082",21°10'33.8359",592.715,4686533.501,7514512.804,592.715,15.323,0,0°00'00",0°00'00",0.00000000,0.00000000,0,,0,0,589.992,,,,143°05'43.3893",9°59'50.8528"
Pt15,,42°19'06.3915",21°10'33.4323",589.565,0.000,0.000,0.000,42°19'06.3915",21°10'33.4323",589.565,2.07,4686554.566,7514503.518,589.565,FIXED,28,29,0.93,0.005,0.005,1,2025-08-24,09:31:27,1538,42°19'05.7082",21°10'33.8359",592.715,4686533.501,7514512.804,592.715,23.05,0,0°00'00",0°00'00",0.00000000,0.00000000,0,,0,0,589.565,,,,156°12'02.2972",7°42'16.7411"
Pt16,Asfallt,42°19'06.4075",21°10'33.2273",589.506,0.000,0.000,0.000,42°19'06.4075",21°10'33.2273",589.506,2.07,4686555.048,7514498.824,589.506,FIXED,27,28,1.06,0.005,0.006,1,2025-08-24,09:31:45,1538,42°19'05.7082",21°10'33.8359",592.715,4686533.501,7514512.804,592.715,25.715,0,0°00'00",0°00'00",0.00000000,0.00000000,0,,0,0,589.506,,,,147°01'35.7126",7°06'48.2351"
Pt17,,42°19'06.4105",21°10'33.4177",589.506,0.000,0.000,0.000,42°19'06.4105",21°10'33.4177",589.506,2.07,4686555.151,7514503.183,589.506,FIXED,31,32,0.97,0.005,0.005,1,2025-08-24,09:32:29,1538,42°19'05.7082",21°10'33.8359",592.715,4686533.501,7514512.804,592.715,23.723,0,0°00'00",0°00'00",0.00000000,0.00000000,0,,0,0,589.506,,,,156°02'51.6624",7°38'58.1572"
Pt18,,42°19'06.7064",21°10'33.2687",589.091,0.000,0.000,0.000,42°19'06.7064",21°10'33.2687",589.091,2.07,4686564.273,7514499.752,589.091,FIXED,31,32,0.97,0.004,0.004,1,2025-08-24,09:33:33,1538,42°19'05.7082",21°10'33.8359",592.715,4686533.501,7514512.804,592.715,33.468,0,0°00'00",0°00'00",0.00000000,0.00000000,0,,0,0,589.091,,,,157°00'53.6381",6°09'01.4334"
Pt19,Asfallt,42°19'06.6708",21°10'33.0935",589.282,0.000,0.000,0.000,42°19'06.6708",21°10'33.0935",589.282,2.07,4686563.167,7514495.744,589.282,FIXED,33,34,0.94,0.005,0.005,1,2025-08-24,09:33:49,1538,42°19'05.7082",21°10'33.8359",592.715,4686533.501,7514512.804,592.715,34.255,0,0°00'00",0°00'00",0.00000000,0.00000000,0,,0,0,589.282,,,,150°03'10.4426",5°44'16.2921"
Pt20,Ndarja,42°19'06.9693",21°10'32.8850",588.719,0.000,0.000,0.000,42°19'06.9693",21°10'32.8850",588.719,2.07,4686572.364,7514490.950,588.719,FIXED,28,31,1.2,0.028,0.031,1,2025-08-24,09:36:09,1538,42°19'05.7082",21°10'33.8359",592.715,4686533.501,7514512.804,592.715,44.637,0,0°00'00",0°00'00",0.00000000,0.00000000,0,,0,0,588.719,,,,150°44'04.8338",5°07'44.4607"
Pt21,,42°19'06.8717",21°10'32.4538",589.319,0.000,0.000,0.000,42°19'06.8717",21°10'32.4538",589.319,2.07,4686569.332,7514481.084,589.319,FIXED,22,24,1.22,0.056,0.066,1,2025-08-24,09:41:53,1544,42°19'06.8508",21°10'32.4264",591.953,4686568.687,7514480.458,591.953,1.062,0,0°00'00",0°00'00",0.00000000,0.00000000,0,,0,0,589.319,,,,224°06'22.1727",43°25'20.6115"
Pt22,,42°19'06.8706",21°10'32.4547",589.305,0.000,0.000,0.000,42°19'06.8706",21°10'32.4547",589.305,2.07,4686569.301,7514481.103,589.305,FIXED,21,23,1.22,0.057,0.068,1,2025-08-24,09:41:57,1544,42°19'06.8508",21°10'32.4264",591.953,4686568.687,7514480.458,591.953,1.062,0,0°00'00",0°00'00",0.00000000,0.00000000,0,,0,0,589.305,,,,226°24'57.7291",43°27'56.4421"
Pt23,Ndarja,42°19'06.8735",21°10'32.4527",589.507,0.000,0.000,0.000,42°19'06.8735",21°10'32.4527",589.507,2.07,4686569.388,7514481.057,589.507,FIXED,21,23,1.28,0.063,0.074,2,2025-08-24,09:42:14,1544,42°19'06.8508",21°10'32.4264",591.953,4686568.687,7514480.458,591.953,0.996,0,0°00'00",0°00'00",0.00000000,0.00000000,0,,0,0,589.507,,,,220°14'12.8551",43°01'27.9298"
Pt24,Ndarja,42°19'07.0325",21°10'33.1608",588.684,0.000,0.000,0.000,42°19'07.0325",21°10'33.1608",588.684,2.07,4686574.329,7514497.262,588.684,FIXED,24,25,1.11,0.006,0.008,1,2025-08-24,09:45:06,1545,42°19'06.8760",21°10'32.4605",591.464,4686569.466,7514481.236,591.464,16.766,0,0°00'00",0°00'00",0.00000000,0.00000000,0,,16.923,-0.001,0.34,,,,253°06'00.7759",9°20'18.9765"
Pt25,Ndarja,42°19'07.3575",21°10'33.0552",588.400,0.000,0.000,0.000,42°19'07.3575",21°10'33.0552",588.400,2.07,4686584.349,7514494.822,588.400,FIXED,27,28,1.09,0.005,0.006,2,2025-08-24,09:46:13,1547,42°19'07.3545",21°10'33.0562",590.447,4686584.257,7514494.846,590.447,0.098,0,0°00'00",0°00'00",0.00000000,0.00000000,0,,0,0,588.4,,,,166°28'50.3444",44°57'56.6184"
Pt26,,42°19'07.3574",21°10'33.0555",588.393,0.000,0.000,0.000,42°19'07.3574",21°10'33.0555",588.393,2.07,4686584.346,7514494.830,588.393,FIXED,27,29,1.09,0.008,0.009,6,2025-08-24,09:46:17,1547,42°19'07.3545",21°10'33.0562",590.447,4686584.257,7514494.846,590.447,0.092,0,0°00'00",0°00'00",0.00000000,0.00000000,0,,0,0,588.393,,,,171°30'14.1981",44°58'34.8095"
Pt27,,42°19'08.1337",21°10'32.7181",587.637,0.000,0.000,0.000,42°19'08.1337",21°10'32.7181",587.637,2.07,4686608.282,7514487.055,587.637,FIXED,28,29,0.93,0.007,0.007,1,2025-08-24,09:47:58,1547,42°19'07.3545",21°10'33.0562",590.447,4686584.257,7514494.846,590.447,25.272,0,0°00'00",0°00'00",0.00000000,0.00000000,0,,0,0,587.637,,,,162°00'48.9302",6°18'41.057"
Pt28,,42°19'08.6833",21°10'32.4753",587.586,0.000,0.000,0.000,42°19'08.6833",21°10'32.4753",587.586,2.07,4686625.228,7514481.461,587.586,FIXED,28,30,0.92,0.004,0.005,1,2025-08-24,09:49:12,1547,42°19'07.3545",21°10'33.0562",590.447,4686584.257,7514494.846,590.447,43.118,0,0°00'00",0°00'00",0.00000000,0.00000000,0,,0,0,587.586,,,,161°54'08.7419",3°47'32.4922"
Pt29,Muri,42°19'08.7615",21°10'32.4383",587.569,0.000,0.000,0.000,42°19'08.7615",21°10'32.4383",587.569,2.07,4686627.638,7514480.609,587.569,FIXED,28,29,0.87,0.005,0.007,1,2025-08-24,09:50:42,1549,42°19'08.7648",21°10'32.4356",589.622,4686627.740,7514480.547,589.622,0.121,0,0°00'00",0°00'00",0.00000000,0.00000000,0,,0,0,587.569,,,,327°45'34.4889",44°56'49.0764"
Pt30,,42°19'08.6823",21°10'32.0106",587.554,0.000,0.000,0.000,42°19'08.6823",21°10'32.0106",587.554,2.07,4686625.175,7514470.820,587.554,FIXED,27,30,0.91,0.003,0.005,1,2025-08-24,09:51:45,1549,42°19'08.7648",21°10'32.4356",589.622,4686627.740,7514480.547,589.622,10.061,0,0°00'00",0°00'00",0.00000000,0.00000000,0,,0,0,587.554,,,,75°03'55.4351",11°24'59.2858"
Pt31,Muri,42°19'08.8183",21°10'31.9228",587.446,0.000,0.000,0.000,42°19'08.8183",21°10'31.9228",587.446,2.07,4686629.365,7514468.801,587.446,FIXED,27,29,0.9,0.004,0.006,1,2025-08-24,09:51:58,1549,42°19'08.7648",21°10'32.4356",589.622,4686627.740,7514480.547,589.622,11.861,0,0°00'00",0°00'00",0.00000000,0.00000000,0,,0,0,587.446,,,,98°04'20.7906",10°13'42.6934"
Pt32,,42°19'08.8364",21°10'31.7959",587.433,0.000,0.000,0.000,42°19'08.8364",21°10'31.7959",587.433,2.07,4686629.918,7514465.896,587.433,FIXED,28,30,0.91,0.006,0.009,1,2025-08-24,09:52:50,1549,42°19'08.7648",21°10'32.4356",589.622,4686627.740,7514480.547,589.622,14.816,0,0°00'00",0°00'00",0.00000000,0.00000000,0,,0,0,587.433,,,,98°27'21.3316",8°18'55.8274"
Pt33,,42°19'08.8516",21°10'31.6687",587.396,0.000,0.000,0.000,42°19'08.8516",21°10'31.6687",587.396,2.07,4686630.380,7514462.981,587.396,FIXED,28,30,0.9,0.008,0.009,1,2025-08-24,09:53:21,1549,42°19'08.7648",21°10'32.4356",589.622,4686627.740,7514480.547,589.622,17.767,0,0°00'00",0°00'00",0.00000000,0.00000000,0,,0,0,587.396,,,,98°32'51.1734",7°05'07.6851"
Pt34,,42°19'08.8699",21°10'31.5534",587.573,0.000,0.000,0.000,42°19'08.8699",21°10'31.5534",587.573,2.07,4686630.939,7514460.339,587.573,FIXED,26,28,0.98,0.038,0.047,1,2025-08-24,09:54:43,1549,42°19'08.7648",21°10'32.4356",589.622,4686627.740,7514480.547,589.622,20.463,0,0°00'00",0°00'00",0.00000000,0.00000000,0,,30.075,-0.014,587.573,,,,98°59'43.2282",5°41'22.0474"
Pt35,,42°19'08.8699",21°10'31.5531",587.560,0.000,0.000,0.000,42°19'08.8699",21°10'31.5531",587.560,2.07,4686630.939,7514460.332,587.560,FIXED,27,29,0.98,0.039,0.049,1,2025-08-24,09:54:45,1549,42°19'08.7648",21°10'32.4356",589.622,4686627.740,7514480.547,589.622,20.47,0,0°00'00",0°00'00",0.00000000,0.00000000,0,,30.077,-0.021,587.56,,,,98°57'44.0894",5°43'15.3803"
Pt36,,42°19'07.9483",21°10'31.9794",588.329,0.000,0.000,0.000,42°19'07.9483",21°10'31.9794",588.329,2.07,4686602.527,7514470.153,588.329,FIXED,26,28,1.22,0.005,0.007,1,2025-08-24,09:57:16,1549,42°19'08.7648",21°10'32.4356",589.622,4686627.740,7514480.547,589.622,27.287,0,0°00'00",0°00'00",0.00000000,0.00000000,0,,0,0,588.329,,,,22°24'05.9962",2°42'52.8945"
Pt37,,42°19'07.8707",21°10'32.0184",588.421,0.000,0.000,0.000,42°19'07.8707",21°10'32.0184",588.421,2.07,4686600.136,7514471.051,588.421,FIXED,26,28,1.23,0.005,0.007,1,2025-08-24,09:58:12,1549,42°19'08.7648",21°10'32.4356",589.622,4686627.740,7514480.547,589.622,29.21,0,0°00'00",0°00'00",0.00000000,0.00000000,0,,0,0,588.421,,,,18°59'03.7382",2°21'14.6891"
Pt38,,42°19'06.7936",21°10'32.4878",591.376,0.000,0.000,0.000,42°19'06.7936",21°10'32.4878",591.376,2.07,4686566.927,7514481.866,591.376,FIXED,21,24,1.09,0.006,0.007,1,2025-08-24,10:04:34,1557,42°19'06.7972",21°10'32.4781",593.188,4686567.038,7514481.643,593.188,0.358,0,0°00'00",0°00'00",0.00000000,0.00000000,0,,0,0,591.376,,,,296°29'08.056",44°44'00.2677"
Pt39,,42°19'05.8916",21°10'32.9288",590.197,0.000,0.000,0.000,42°19'05.8916",21°10'32.9288",590.197,2.07,4686539.119,7514492.022,590.197,FIXED,29,30,0.97,0.006,0.007,1,2025-08-24,10:09:22,1559,42°19'06.9268",21°10'32.4497",591.162,4686571.032,7514480.986,591.162,33.792,0,0°00'00",0°00'00",0.00000000,0.00000000,0,,0,0,590.197,,,,340°55'24.5681",1°38'07.0529"
Pt40,,42°19'05.8888",21°10'32.9618",590.135,0.000,0.000,0.000,42°19'05.8888",21°10'32.9618",590.135,2.07,4686539.034,7514492.777,590.135,FIXED,28,29,0.97,0.006,0.007,1,2025-08-24,10:09:35,1559,42°19'06.9268",21°10'32.4497",591.162,4686571.032,7514480.986,591.162,34.124,0,0°00'00",0°00'00",0.00000000,0.00000000,0,,0,0,590.135,,,,339°46'19.3623",1°43'22.9523"
Pt41,Muri,42°19'06.3155",21°10'32.7118",589.596,0.000,0.000,0.000,42°19'06.3155",21°10'32.7118",589.596,2.07,4686552.184,7514487.027,589.596,FIXED,29,30,1.04,0.008,0.009,1,2025-08-24,10:09:55,1559,42°19'06.9268",21°10'32.4497",591.162,4686571.032,7514480.986,591.162,19.803,0,0°00'00",0°00'00",0.00000000,0.00000000,0,,0,0,589.596,,,,342°13'26.5734",4°27'39.104"
Pt42,Muri,42°19'06.4875",21°10'32.6303",589.459,0.000,0.000,0.000,42°19'06.4875",21°10'32.6303",589.459,2.07,4686557.488,7514485.148,589.459,FIXED,25,27,2.28,0.037,0.049,4,2025-08-24,10:10:20,1559,42°19'06.9268",21°10'32.4497",591.162,4686571.032,7514480.986,591.162,14.177,0,0°00'00",0°00'00",0.00000000,0.00000000,0,,0,0,589.46,,,,343°05'57.8816",7°01'26.8684"
Pt43,,42°19'06.0441",21°10'32.8218",590.081,0.000,0.000,0.000,42°19'06.0441",21°10'32.8218",590.081,2.07,4686543.818,7514489.561,590.081,FIXED,26,27,1.35,0.071,0.101,1,2025-08-24,10:10:47,1559,42°19'06.9268",21°10'32.4497",591.162,4686571.032,7514480.986,591.162,28.556,0,0°00'00",0°00'00",0.00000000,0.00000000,0,,0,0,590.081,,,,342°30'34.0261",2°10'06.5438"
Pt44,,42°19'05.8586",21°10'32.8987",590.273,0.000,0.000,0.000,42°19'05.8586",21°10'32.8987",590.273,2.07,4686538.097,7514491.334,590.273,FIXED,26,27,1.09,0.009,0.011,1,2025-08-24,10:11:04,1559,42°19'06.9268",21°10'32.4497",591.162,4686571.032,7514480.986,591.162,34.55,0,0°00'00",0°00'00",0.00000000,0.00000000,0,,0,0,590.273,,,,342°33'23.6398",1°28'25.1979"
Pt45,,42°19'05.5341",21°10'33.0693",590.694,0.000,0.000,0.000,42°19'05.5341",21°10'33.0693",590.694,2.07,4686528.094,7514495.261,590.694,FIXED,27,29,1.11,0.046,0.062,1,2025-08-24,10:13:36,1565,42°19'05.4896",21°10'33.2474",593.028,4686526.731,7514499.342,593.028,4.312,0,0°00'00",0°00'00",0.00000000,0.00000000,0,,0,0,590.694,,,,108°27'47.075",25°29'07.3794"
Pt46,Ndarje,42°19'05.5347",21°10'33.0676",590.703,0.000,0.000,0.000,42°19'05.5347",21°10'33.0676",590.703,2.07,4686528.113,7514495.223,590.703,FIXED,30,31,1.06,0.009,0.012,1,2025-08-24,10:14:05,1565,42°19'05.4896",21°10'33.2474",593.028,4686526.731,7514499.342,593.028,4.353,0,0°00'00",0°00'00",0.00000000,0.00000000,0,,0,0,590.703,,,,108°52'39.4042",25°01'21.4009"
Pt47,,42°19'05.2712",21°10'33.1340",590.796,0.000,0.000,0.000,42°19'05.2712",21°10'33.1340",590.796,2.57,4686519.987,7514496.760,590.796,FIXED,28,29,1,0.008,0.011,1,2025-08-24,10:16:38,1565,42°19'05.4896",21°10'33.2474",593.028,4686526.731,7514499.342,593.028,7.231,0,0°00'00",0°00'00",0.00000000,0.00000000,0,,0,0,590.796,,,,21°00'58.7344",16°24'38.2081"
Pt48,,42°19'05.1426",21°10'33.1779",590.564,0.000,0.000,0.000,42°19'05.1426",21°10'33.1779",590.564,2.57,4686516.020,7514497.772,590.564,FIXED,30,32,1.01,0.006,0.006,1,2025-08-24,10:19:26,1565,42°19'05.4896",21°10'33.2474",593.028,4686526.731,7514499.342,593.028,10.829,0,0°00'00",0°00'00",0.00000000,0.00000000,0,,0,0,590.564,,,,8°22'10.1624",12°30'40.5055"
Pt49,,42°19'05.1090",21°10'33.1910",590.604,0.000,0.000,0.000,42°19'05.1090",21°10'33.1910",590.604,2.57,4686514.986,7514498.074,590.604,FIXED,27,30,1.03,0.005,0.006,1,2025-08-24,10:20:08,1565,42°19'05.4896",21°10'33.2474",593.028,4686526.731,7514499.342,593.028,11.816,0,0°00'00",0°00'00",0.00000000,0.00000000,0,,0,0,590.604,,,,6°09'46.0724",11°21'49.0142"
Pt50,,42°19'04.4433",21°10'33.5241",591.288,0.000,0.000,0.000,42°19'04.4433",21°10'33.5241",591.288,2.57,4686494.464,7514505.746,591.288,FIXED,29,31,1.02,0.005,0.006,1,2025-08-24,10:23:32,1565,42°19'05.4896",21°10'33.2474",593.028,4686526.731,7514499.342,593.028,32.914,0,0°00'00",0°00'00",0.00000000,0.00000000,0,,0,0,591.288,,,,348°46'33.0346",3°01'20.6274"
Pt51,,42°19'07.8957",21°10'26.0696",588.607,0.000,0.000,0.000,42°19'07.8957",21°10'26.0696",588.607,2.57,4686600.626,7514334.842,588.607,FIXED,26,28,1.06,0.006,0.007,2,2025-08-24,10:34:08,1572,42°19'07.8977",21°10'26.0660",594.558,4686600.689,7514334.759,594.558,3.383,0,0°00'00",0°00'00",0.00000000,0.00000000,0,,0,0,588.607,,,,307°24'46.1018",44°59'44.187"
Pt52,,42°19'07.8642",21°10'25.8812",588.566,0.000,0.000,0.000,42°19'07.8642",21°10'25.8812",588.566,2.57,4686599.647,7514330.530,588.566,FIXED,27,29,1.06,0.008,0.009,1,2025-08-24,10:35:47,1573,42°19'07.8914",21°10'25.8825",591.217,4686600.486,7514330.558,591.217,0.844,0,0°00'00",0°00'00",0.00000000,0.00000000,0,,0,0,588.566,,,,1°57'03.4837",43°37'54.0933"
Pt53,,42°19'07.7387",21°10'25.0984",589.188,0.000,0.000,0.000,42°19'07.7387",21°10'25.0984",589.188,2.57,4686595.738,7514312.614,589.188,FIXED,33,34,1.05,0.023,0.029,7,2025-08-24,10:39:13,1578,42°19'07.7361",21°10'25.0702",591.756,4686595.655,7514311.970,591.756,0.65,0,0°00'00",0°00'00",0.00000000,0.00000000,0,,0,0,589.188,,,,262°41'07.9233",44°06'42.6605"
Pt54,,42°19'07.7175",21°10'24.8734",589.705,0.000,0.000,0.000,42°19'07.7175",21°10'24.8734",589.705,2.57,4686595.073,7514307.464,589.705,FIXED,30,31,1.05,0.004,0.005,1,2025-08-24,10:40:41,1579,42°19'07.7237",21°10'25.0874",591.790,4686595.273,7514312.364,591.790,4.929,0,0°00'00",0°00'00",0.00000000,0.00000000,0,,0,0,589.705,,,,87°39'41.0989",21°21'55.6523"
Pt55,,42°19'07.4627",21°10'24.8701",589.876,0.000,0.000,0.000,42°19'07.4627",21°10'24.8701",589.876,2.57,4686587.211,7514307.405,589.876,FIXED,29,30,1.05,0.005,0.009,23,2025-08-24,10:42:06,1579,42°19'07.7237",21°10'25.0874",591.790,4686595.273,7514312.364,591.790,9.49,0,0°00'00",0°00'00",0.00000000,0.00000000,0,,0,0,589.876,,,,31°35'37.5381",11°12'37.9359"
Pt56,,42°19'06.6954",21°10'24.8311",591.082,0.000,0.000,0.000,42°19'06.6954",21°10'24.8311",591.082,2.57,4686563.537,7514306.561,591.082,FIXED,27,28,1.11,0.007,0.009,17,2025-08-24,10:43:26,1580,42°19'07.4628",21°10'24.8697",592.448,4686587.215,7514307.396,592.448,23.728,0,0°00'00",0°00'00",0.00000000,0.00000000,0,,0,0,591.082,,,,2°01'08.4012",3°17'39.8251"
Pt57,,42°19'05.7280",21°10'24.7859",591.709,0.000,0.000,0.000,42°19'05.7280",21°10'24.7859",591.709,2.57,4686533.689,7514305.586,591.709,FIXED,26,27,1.18,0.006,0.008,1,2025-08-24,10:44:26,1581,42°19'06.7438",21°10'24.8256",597.127,4686565.029,7514306.431,597.127,31.486,0,0°00'00",0°00'00",0.00000000,0.00000000,0,,0,0,591.709,,,,1°32'37.8371",9°39'43.5543"
Pt58,,42°19'05.1528",21°10'24.7639",592.101,0.000,0.000,0.000,42°19'05.1528",21°10'24.7639",592.101,2.57,4686515.942,7514305.117,592.101,FIXED,26,30,1.21,0.045,0.059,1,2025-08-24,10:45:59,1582,42°19'05.1696",21°10'24.7668",594.510,4686516.459,7514305.184,594.510,0.546,0,0°00'00",0°00'00",0.00000000,0.00000000,0,,0,0,592.101,,,,7°17'54.5393",44°20'36.2918"
Pt59,,42°19'05.2625",21°10'25.5332",592.051,0.000,0.000,0.000,42°19'05.2625",21°10'25.5332",592.051,2.57,4686519.360,7514322.726,592.051,FIXED,26,28,1.21,0.033,0.037,11,2025-08-24,10:48:29,1584,42°19'05.3882",21°10'25.4474",597.415,4686523.236,7514320.753,597.415,5.17,0,0°00'00",0°00'00",0.00000000,0.00000000,0,,0,0,592.051,,,,333°00'23.6411",37°50'13.977"
Pt60,,42°19'05.2862",21°10'25.7012",592.054,0.000,0.000,0.000,42°19'05.2862",21°10'25.7012",592.054,2.57,4686520.100,7514326.570,592.054,FIXED,25,26,1.27,0.044,0.049,7,2025-08-24,10:51:13,1588,42°19'05.2939",21°10'25.7075",594.920,4686520.337,7514326.716,594.920,0.406,0,0°00'00",0°00'00",0.00000000,0.00000000,0,,0,0,592.054,,,,31°36'42.3686",44°51'57.4646"
Pt61,,42°19'05.2864",21°10'25.6994",592.014,0.000,0.000,0.000,42°19'05.2864",21°10'25.6994",592.014,2.57,4686520.105,7514326.530,592.014,FIXED,25,27,1.21,0.051,0.062,1,2025-08-24,10:51:28,1588,42°19'05.2939",21°10'25.7075",594.920,4686520.337,7514326.716,594.920,0.449,0,0°00'00",0°00'00",0.00000000,0.00000000,0,,0,0,592.014,,,,38°50'58.674",44°51'03.7544"
Pt62,,42°19'05.3633",21°10'26.3513",592.150,0.000,0.000,0.000,42°19'05.3633",21°10'26.3513",592.150,2.57,4686522.508,7514341.451,592.150,FIXED,23,27,1.21,0.063,0.089,15,2025-08-24,10:55:11,1591,42°19'05.4431",21°10'26.0527",594.976,4686524.957,7514334.610,594.976,7.272,0,0°00'00",0°00'00",0.00000000,0.00000000,0,,0,0,592.15,,,,289°41'41.1778",19°55'21.315"
Pt63,,42°19'05.3668",21°10'26.3528",592.189,0.000,0.000,0.000,42°19'05.3668",21°10'26.3528",592.189,2.57,4686522.618,7514341.485,592.189,FIXED,27,30,1.21,0.068,0.097,1,2025-08-24,10:55:26,1592,42°19'05.3637",21°10'26.3484",594.785,4686522.521,7514341.384,594.785,0.142,0,0°00'00",0°00'00",0.00000000,0.00000000,0,,0,0,592.189,,,,226°05'25.7942",44°57'31.1739"
Pt64,,42°19'06.2888",21°10'26.7504",591.994,0.000,0.000,0.000,42°19'06.2888",21°10'26.7504",591.994,2.57,4686551.080,7514350.531,591.994,FIXED,28,30,1.17,0.051,0.06,1,2025-08-24,11:00:38,1603,42°19'06.5506",21°10'26.7407",594.298,4686559.157,7514350.292,594.298,8.087,0,0°00'00",0°00'00",0.00000000,0.00000000,0,,0,0,591.994,,,,358°18'25.1555",15°19'57.7698"
Pt65,,42°19'06.5752",21°10'25.7882",591.781,0.000,0.000,0.000,42°19'06.5752",21°10'25.7882",591.781,2.57,4686559.874,7514328.482,591.781,FIXED,26,28,1.09,0.005,0.008,13,2025-08-24,11:03:27,1606,42°19'06.5696",21°10'25.7999",594.323,4686559.701,7514328.749,594.323,0.32,0,0°00'00",0°00'00",0.00000000,0.00000000,0,,0,0,591.781,,,,122°54'01.2882",44°46'36.8652"
Pt66,,42°19'06.8389",21°10'26.8332",591.536,0.000,0.000,0.000,42°19'06.8389",21°10'26.8332",591.536,2.07,4686568.057,7514352.391,591.536,FIXED,27,28,1.17,0.004,0.005,1,2025-08-24,11:05:23,1608,42°19'06.5903",21°10'26.7566",593.907,4686560.383,7514350.653,593.907,7.875,0,0°00'00",0°00'00",0.00000000,0.00000000,0,,0,0,591.536,,,,192°45'42.7265",16°05'37.0395"
Pt67,,42°19'07.2360",21°10'26.8967",591.162,0.000,0.000,0.000,42°19'07.2360",21°10'26.8967",591.162,2.07,4686580.312,7514353.820,591.162,FIXED,34,35,1.07,0.004,0.007,1,2025-08-24,11:06:54,1609,42°19'07.2373",21°10'26.8957",593.244,4686580.350,7514353.798,593.244,0.046,0,0°00'00",0°00'00",0.00000000,0.00000000,0,,0,0,591.162,,,,329°04'06.7206",44°59'36.7046"
Pt68,,42°19'07.6143",21°10'26.9551",590.642,0.000,0.000,0.000,42°19'07.6143",21°10'26.9551",590.642,2.07,4686591.986,7514355.135,590.642,FIXED,28,29,1.04,0.004,0.006,23,2025-08-24,11:07:43,1609,42°19'07.2373",21°10'26.8957",593.244,4686580.350,7514353.798,593.244,11.726,0,0°00'00",0°00'00",0.00000000,0.00000000,0,,0,0,590.642,,,,186°33'23.4688",12°14'02.7021"
Pt69,,42°19'07.8975",21°10'26.9836",590.233,0.000,0.000,0.000,42°19'07.8975",21°10'26.9836",590.233,2.07,4686600.724,7514355.770,590.233,FIXED,28,29,1.17,0.036,0.047,1,2025-08-24,11:10:44,1613,42°19'07.9138",21°10'26.9781",592.048,4686601.227,7514355.642,592.048,0.578,0,0°00'00",0°00'00",0.00000000,0.00000000,0,,0,0,590.233,,,,345°44'33.1805",43°52'28.4261"
Pt70,,42°19'04.4687",21°10'35.0104",591.398,0.000,0.000,0.000,42°19'04.4687",21°10'35.0104",591.398,2.07,4686495.318,7514539.774,591.398,FIXED,31,32,1.08,0.005,0.007,12,2025-08-24,11:20:46,1619,42°19'04.9383",21°10'31.9700",593.198,4686509.662,7514470.129,593.198,71.121,0,0°00'00",0°00'00",0.00000000,0.00000000,0,,0,0,591.398,,,,281°38'17.541",1°26'56.1505"
Pt71,,42°19'04.4627",21°10'34.9735",591.309,0.000,0.000,0.000,42°19'04.4627",21°10'34.9735",591.309,2.07,4686495.131,7514538.930,591.309,FIXED,31,32,1.07,0.007,0.013,10,2025-08-24,11:22:26,1621,42°19'04.4808",21°10'35.0338",593.479,4686495.692,7514540.309,593.479,1.493,0,0°00'00",0°00'00",0.00000000,0.00000000,0,,0,0,591.309,,,,67°53'42.7468",39°30'24.7014"
Pt72,,42°19'04.5281",21°10'35.1550",591.361,0.000,0.000,0.000,42°19'04.5281",21°10'35.1550",591.361,2.07,4686497.156,7514543.082,591.361,FIXED,31,32,0.96,0.005,0.007,1,2025-08-24,11:24:10,1621,42°19'04.4808",21°10'35.0338",593.479,4686495.692,7514540.309,593.479,3.137,0,0°00'00",0°00'00",0.00000000,0.00000000,0,,0,0,591.361,,,,242°09'26.8353",29°13'58.5551"
Pt73,,42°19'04.4631",21°10'35.1715",591.428,0.000,0.000,0.000,42°19'04.4631",21°10'35.1715",591.428,2.07,4686495.150,7514543.465,591.428,FIXED,27,29,1.04,0.008,0.013,1,2025-08-24,11:25:30,1621,42°19'04.4808",21°10'35.0338",593.479,4686495.692,7514540.309,593.479,3.203,0,0°00'00",0°00'00",0.00000000,0.00000000,0,,0,0,591.428,,,,279°44'16.8553",28°20'17.6919"
Pt74,,42°19'04.2782",21°10'35.1227",591.397,0.000,0.000,0.000,42°19'04.2782",21°10'35.1227",591.397,2.07,4686489.445,7514542.358,591.397,FIXED,31,32,1.03,0.006,0.01,1,2025-08-24,11:26:49,1621,42°19'04.4808",21°10'35.0338",593.479,4686495.692,7514540.309,593.479,6.576,0,0°00'00",0°00'00",0.00000000,0.00000000,0,,0,0,591.397,,,,341°50'17.7637",16°47'56.8141"
Pt75,Rrethoj,42°19'04.2911",21°10'35.0272",591.296,0.000,0.000,0.000,42°19'04.2911",21°10'35.0272",591.296,2.07,4686489.837,7514540.170,591.296,FIXED,27,29,1.03,0.007,0.008,1,2025-08-24,11:27:14,1621,42°19'04.4808",21°10'35.0338",593.479,4686495.692,7514540.309,593.479,5.859,0,0°00'00",0°00'00",0.00000000,0.00000000,0,,0,0,591.296,,,,0°41'36.0219",19°09'19.8036"
Pt76,Ndarje,42°19'02.9762",21°10'34.4648",591.397,0.000,0.000,0.000,42°19'02.9762",21°10'34.4648",591.397,2.07,4686449.244,7514527.378,591.397,FIXED,32,34,1.05,0.004,0.006,1,2025-08-24,11:31:54,1623,42°19'04.5203",21°10'34.8954",593.049,4686496.903,7514537.138,593.049,48.659,0,0°00'00",0°00'00",0.00000000,0.00000000,0,,1.026,0.744,591.397,,,,11°36'14.9433",1°57'24.1878"
Pt77,,42°19'03.2193",21°10'34.2467",591.472,0.000,0.000,0.000,42°19'03.2193",21°10'34.2467",591.472,2.07,4686456.734,7514522.369,591.472,FIXED,24,29,1.07,0.006,0.009,1,2025-08-24,11:32:35,1623,42°19'04.5203",21°10'34.8954",593.049,4686496.903,7514537.138,593.049,42.809,0,0°00'00",0°00'00",0.00000000,0.00000000,0,,10.036,0.682,591.472,,,,20°11'14.4932",2°06'30.7612"
Pt78,,42°19'03.5280",21°10'33.9708",591.498,0.000,0.000,0.000,42°19'03.5280",21°10'33.9708",591.498,2.07,4686466.246,7514516.031,591.498,FIXED,33,35,0.91,0.005,0.006,1,2025-08-24,11:35:47,1623,42°19'04.5203",21°10'34.8954",593.049,4686496.903,7514537.138,593.049,37.231,0,0°00'00",0°00'00",0.00000000,0.00000000,0,,20.44,0.021,-0.069,,,,34°32'46.6313",2°22'59.5653"
Pt79,,42°19'03.1578",21°10'32.9502",591.307,0.000,0.000,0.000,42°19'03.1578",21°10'32.9502",591.307,2.07,4686454.774,7514492.685,591.307,FIXED,33,34,0.89,0.005,0.006,1,2025-08-24,11:37:29,1623,42°19'04.5203",21°10'34.8954",593.049,4686496.903,7514537.138,593.049,61.256,0,0°00'00",0°00'00",0.00000000,0.00000000,0,,0,0,591.307,,,,46°32'15.6577",1°37'40.5251"
Pt80,Rrethoj,42°19'02.4184",21°10'33.4505",591.494,0.000,0.000,0.000,42°19'02.4184",21°10'33.4505",591.494,2.07,4686431.985,7514504.188,591.494,FIXED,32,33,0.93,0.006,0.008,1,2025-08-24,11:41:04,1625,42°19'02.4356",21°10'33.4437",593.675,4686432.518,7514504.031,593.675,0.567,0,0°00'00",0°00'00",0.00000000,0.00000000,0,,6.789,-0.438,591.494,,,,343°44'49.7004",44°05'17.1568"
Pt81,Rrethoj,42°19'02.8558",21°10'33.0295",591.700,0.000,0.000,0.000,42°19'02.8558",21°10'33.0295",591.700,2.07,4686445.461,7514494.521,591.700,FIXED,28,30,1,0.005,0.006,1,2025-08-24,11:41:34,1625,42°19'02.4356",21°10'33.4437",593.675,4686432.518,7514504.031,593.675,16.064,0,0°00'00",0°00'00",0.00000000,0.00000000,0,,6.76,-17.023,591.7,,,,143°43'09.5847",6°56'43.5577"
Pt82,Ndarje,42°19'02.9782",21°10'32.9115",591.708,0.000,0.000,0.000,42°19'02.9782",21°10'32.9115",591.708,2.07,4686449.232,7514491.810,591.708,FIXED,33,34,0.91,0.005,0.005,1,2025-08-24,11:42:47,1625,42°19'02.4356",21°10'33.4437",593.675,4686432.518,7514504.031,593.675,20.71,0,0°00'00",0°00'00",0.00000000,0.00000000,0,,21.229,-0.004,-0.05,,,,143°48'57.0771",5°23'48.3895"
Pt83,Rrethoj,42°19'02.9657",21°10'32.9235",591.637,0.000,0.000,0.000,42°19'02.9657",21°10'32.9235",591.637,2.07,4686448.846,7514492.088,591.637,FIXED,32,33,0.93,0.004,0.005,1,2025-08-24,11:43:28,1625,42°19'02.4356",21°10'33.4437",593.675,4686432.518,7514504.031,593.675,20.234,0,0°00'00",0°00'00",0.00000000,0.00000000,0,,46.374,4.464,591.637,,,,143°48'44.76",5°44'27.8705"
Pt84,Rrethoj,42°19'01.8560",21°10'32.3093",591.938,0.000,0.000,0.000,42°19'01.8560",21°10'32.3093",591.938,2.07,4686414.582,7514478.094,591.938,FIXED,31,32,0.93,0.005,0.006,1,2025-08-24,11:46:50,1629,42°19'02.2753",21°10'31.8614",594.040,4686427.495,7514467.811,594.040,16.51,0,0°00'00",0°00'00",0.00000000,0.00000000,0,,14.669,23.558,591.938,,,,321°27'51.6415",7°10'44.1817"
Pt85,Rrethoj,42°19'02.3809",21°10'31.8463",592.139,0.000,0.000,0.000,42°19'02.3809",21°10'31.8463",592.139,2.07,4686430.753,7514467.460,592.139,FIXED,31,32,0.95,0.004,0.005,1,2025-08-24,11:47:21,1629,42°19'02.2753",21°10'31.8614",594.040,4686427.495,7514467.811,594.040,3.282,0,0°00'00",0°00'00",0.00000000,0.00000000,0,,15.815,4.239,592.139,,,,173°47'08.2079",26°38'43.7401"
Pt86,Ndarje,42°19'02.3746",21°10'31.8522",592.120,0.000,0.000,0.000,42°19'02.3746",21°10'31.8522",592.120,2.07,4686430.559,7514467.594,592.120,FIXED,31,32,0.95,0.005,0.006,1,2025-08-24,11:47:54,1629,42°19'02.2753",21°10'31.8614",594.040,4686427.495,7514467.811,594.040,3.076,0,0°00'00",0°00'00",0.00000000,0.00000000,0,,15.807,4.475,592.12,,,,175°46'11.6212",27°48'39.865"
Pt87,,42°19'02.1849",21°10'31.1821",592.359,0.000,0.000,0.000,42°19'02.1849",21°10'31.1821",592.359,2.07,4686424.675,7514452.264,592.359,FIXED,33,34,0.9,0.006,0.007,8,2025-08-24,11:51:50,1632,42°19'02.1771",21°10'31.1783",594.422,4686424.433,7514452.177,594.422,0.257,0,0°00'00",0°00'00",0.00000000,0.00000000,0,,0,0,592.359,,,,199°30'04.5479",44°49'31.6802"
Pt88,Rrethoj,42°19'01.3441",21°10'31.1042",592.368,0.000,0.000,0.000,42°19'01.3441",21°10'31.1042",592.368,2.07,4686398.731,7514450.534,592.368,FIXED,24,27,1.01,0.006,0.006,1,2025-08-24,11:55:26,1632,42°19'02.1771",21°10'31.1783",594.422,4686424.433,7514452.177,594.422,25.76,0,0°00'00",0°00'00",0.00000000,0.00000000,0,,0,0,-0,,,,3°40'31.4615",4°31'40.6759"
Pt89,Rrethoj,42°19'01.7467",21°10'30.8067",592.456,0.000,0.000,0.000,42°19'01.7467",21°10'30.8067",592.456,2.07,4686411.139,7514443.697,592.456,FIXED,30,31,0.94,0.007,0.007,1,2025-08-24,11:56:28,1632,42°19'02.1771",21°10'31.1783",594.422,4686424.433,7514452.177,594.422,15.772,0,0°00'00",0°00'00",0.00000000,0.00000000,0,,0,0,-0,,,,32°31'21.8881",7°03'18.5115"
Pt90,Ndarje,42°19'01.8066",21°10'30.7614",592.473,0.000,0.000,0.000,42°19'01.8066",21°10'30.7614",592.473,2.07,4686412.985,7514442.654,592.473,FIXED,31,32,1,0.005,0.006,1,2025-08-24,11:57:45,1632,42°19'02.1771",21°10'31.1783",594.422,4686424.433,7514452.177,594.422,14.895,0,0°00'00",0°00'00",0.00000000,0.00000000,0,,18.383,4.497,592.473,,,,39°43'38.9809",7°24'46.3703"
Pt91,Ndarje,42°19'01.9350",21°10'30.6676",592.160,0.000,0.000,0.000,42°19'01.9350",21°10'30.6676",592.160,2.07,4686416.941,7514440.500,592.160,FIXED,32,34,0.99,0.007,0.007,13,2025-08-24,12:00:56,1637,42°19'01.9195",21°10'30.6746",594.636,4686416.462,7514440.661,594.636,0.648,0,0°00'00",0°00'00",0.00000000,0.00000000,0,,18.762,0.008,592.16,,,,159°56'08.5214",44°25'42.8549"
Pt92,,42°19'01.6018",21°10'29.9828",592.562,0.000,0.000,0.000,42°19'01.6018",21°10'29.9828",592.562,2.07,4686406.627,7514424.840,592.562,FIXED,34,35,0.92,0.004,0.006,1,2025-08-24,12:05:02,1640,42°19'01.6582",21°10'30.1884",594.809,4686408.379,7514429.545,594.809,5.025,0,0°00'00",0°00'00",0.00000000,0.00000000,0,,0,0,592.562,,,,69°42'31.5894",22°19'09.2327"
Pt93,,42°19'01.4334",21°10'29.4468",592.880,0.000,0.000,0.000,42°19'01.4334",21°10'29.4468",592.880,2.07,4686401.408,7514412.578,592.880,FIXED,35,36,0.92,0.007,0.009,1,2025-08-24,12:06:18,1640,42°19'01.6582",21°10'30.1884",594.809,4686408.379,7514429.545,594.809,18.347,0,0°00'00",0°00'00",0.00000000,0.00000000,0,,0,0,592.88,,,,67°39'46.8707",5°58'07.5656"
Pt94,Rrethoj,42°19'01.4620",21°10'29.4030",592.550,0.000,0.000,0.000,42°19'01.4620",21°10'29.4030",592.550,2.07,4686402.288,7514411.574,592.550,FIXED,33,34,0.94,0.006,0.006,1,2025-08-24,12:06:58,1640,42°19'01.6582",21°10'30.1884",594.809,4686408.379,7514429.545,594.809,18.98,0,0°00'00",0°00'00",0.00000000,0.00000000,0,,0,0,592.55,,,,71°15'38.1959",6°43'21.5526"
Pt95,,42°19'01.0375",21°10'29.2625",592.484,0.000,0.000,0.000,42°19'01.0375",21°10'29.2625",592.484,2.07,4686389.184,7514408.382,592.484,FIXED,25,28,1.17,0.005,0.007,1,2025-08-24,12:08:25,1640,42°19'01.6582",21°10'30.1884",594.809,4686408.379,7514429.545,594.809,28.577,0,0°00'00",0°00'00",0.00000000,0.00000000,0,,0,0,592.484,,,,47°48'21.632",4°38'11.8923"
Pt96,Rrethoj,42°19'01.0337",21°10'29.2484",592.497,0.000,0.000,0.000,42°19'01.0337",21°10'29.2484",592.497,2.07,4686389.066,7514408.060,592.497,FIXED,26,28,1.08,0.006,0.008,1,2025-08-24,12:08:38,1640,42°19'01.6582",21°10'30.1884",594.809,4686408.379,7514429.545,594.809,28.896,0,0°00'00",0°00'00",0.00000000,0.00000000,0,,0,0,592.497,,,,48°00'00.3773",4°33'38.4745"
Pt97,,42°19'00.7062",21°10'29.2301",592.515,0.000,0.000,0.000,42°19'00.7062",21°10'29.2301",592.515,2.07,4686378.961,7514407.663,592.515,FIXED,33,34,0.97,0.006,0.007,1,2025-08-24,12:11:44,1640,42°19'01.6582",21°10'30.1884",594.809,4686408.379,7514429.545,594.809,36.672,0,0°00'00",0°00'00",0.00000000,0.00000000,0,,0,0,592.515,,,,36°38'02.9224",3°34'18.328"
Pt98,,42°19'00.8843",21°10'29.9472",592.560,0.000,0.000,0.000,42°19'00.8843",21°10'29.9472",592.560,2.07,4686384.491,7514424.071,592.560,FIXED,32,33,1.06,0.005,0.008,1,2025-08-24,12:13:44,1640,42°19'01.6582",21°10'30.1884",594.809,4686408.379,7514429.545,594.809,24.513,0,0°00'00",0°00'00",0.00000000,0.00000000,0,,0,0,592.561,,,,12°52'30.2568",5°12'02.4602"
Pt99,,42°19'01.3433",21°10'31.1113",592.273,0.000,0.000,0.000,42°19'01.3433",21°10'31.1113",592.273,2.07,4686398.707,7514450.696,592.273,FIXED,32,33,1,0.004,0.007,1,2025-08-24,12:15:47,1640,42°19'01.6582",21°10'30.1884",594.809,4686408.379,7514429.545,594.809,23.267,0,0°00'00",0°00'00",0.00000000,0.00000000,0,,30.154,0.015,592.273,,,,294°34'44.6075",6°11'15.8739"
Pt100,,42°19'01.4483",21°10'31.3830",592.172,0.000,0.000,0.000,42°19'01.4483",21°10'31.3830",592.172,2.07,4686401.959,7514456.909,592.172,FIXED,27,29,1.25,0.008,0.009,1,2025-08-24,12:17:07,1640,42°19'01.6582",21°10'30.1884",594.809,4686408.379,7514429.545,594.809,28.119,0,0°00'00",0°00'00",0.00000000,0.00000000,0,,0,0,592.172,,,,283°12'33.0858",5°20'08.6412"
Pt101,,42°19'01.8672",21°10'32.3083",591.965,0.000,0.000,0.000,42°19'01.8672",21°10'32.3083",591.965,2.07,4686414.925,7514478.070,591.965,FIXED,34,35,0.98,0.006,0.008,1,2025-08-24,12:20:23,1640,42°19'01.6582",21°10'30.1884",594.809,4686408.379,7514429.545,594.809,48.98,0,0°00'00",0°00'00",0.00000000,0.00000000,0,,24.762,0.019,591.965,,,,262°18'42.1784",3°19'55.3217"
Pt102,,42°19'02.2806",21°10'33.2199",591.549,0.000,0.000,0.000,42°19'02.2806",21°10'33.2199",591.549,2.07,4686427.724,7514498.917,591.549,FIXED,34,35,0.99,0.005,0.007,1,2025-08-24,12:23:12,1640,42°19'01.6582",21°10'30.1884",594.809,4686408.379,7514429.545,594.809,72.042,0,0°00'00",0°00'00",0.00000000,0.00000000,0,,0,0,591.549,,,,254°25'17.7664",2°35'22.1745"
Pt103,,42°19'02.4066",21°10'33.4595",591.583,0.000,0.000,0.000,42°19'02.4066",21°10'33.4595",591.583,2.07,4686431.622,7514504.395,591.583,FIXED,34,35,0.99,0.005,0.007,1,2025-08-24,12:24:08,1640,42°19'01.6582",21°10'30.1884",594.809,4686408.379,7514429.545,594.809,78.399,0,0°00'00",0°00'00",0.00000000,0.00000000,0,,6.747,-0.023,591.583,,,,252°44'48.6574",2°21'15.742"
Pt104,,42°19'02.9486",21°10'34.4892",591.155,0.000,0.000,0.000,42°19'02.9486",21°10'34.4892",591.155,2.07,4686448.394,7514527.939,591.155,FIXED,34,35,1,0.006,0.007,1,2025-08-24,12:29:36,1640,42°19'01.6582",21°10'30.1884",594.809,4686408.379,7514429.545,594.809,106.251,0,0°00'00",0°00'00",0.00000000,0.00000000,0,,35.653,0.021,591.155,,,,247°51'50.7895",1°58'21.5106"
Pt105,,42°19'03.6155",21°10'35.7511",590.881,0.000,0.000,0.000,42°19'03.6155",21°10'35.7511",590.881,2.07,4686469.029,7514556.789,590.881,FIXED,34,35,1,0.004,0.006,1,2025-08-24,12:31:27,1640,42°19'01.6582",21°10'30.1884",594.809,4686408.379,7514429.545,594.809,140.999,0,0°00'00",0°00'00",0.00000000,0.00000000,0,,0,0,590.881,,,,244°30'56.1681",1°35'42.7097"
Pt106,,42°19'03.6983",21°10'35.7223",590.933,0.000,0.000,0.000,42°19'03.6983",21°10'35.7223",590.933,2.07,4686471.582,7514556.125,590.933,FIXED,36,37,1.03,0.008,0.009,1,2025-08-24,12:37:16,1641,42°19'04.1379",21°10'35.0285",590.910,4686485.111,7514540.210,590.910,20.997,0,0°00'00",0°00'00",0.00000000,0.00000000,0,,0,0,590.933,,,,310°22'05.9686",-0°03'44.1047"
Pt107,,42°19'03.8446",21°10'35.6239",591.573,0.000,0.000,0.000,42°19'03.8446",21°10'35.6239",591.573,2.07,4686476.091,7514553.862,591.573,FIXED,29,33,1.08,0.008,0.01,1,2025-08-24,12:38:49,1641,42°19'04.1379",21°10'35.0285",590.910,4686485.111,7514540.210,590.910,16.593,0,0°00'00",0°00'00",0.00000000,0.00000000,0,,0,0,591.573,,,,303°27'11.6994",-2°19'05.765"
Pt108,,42°19'07.3330",21°11'10.9361",584.517,0.000,0.000,0.000,42°19'07.3330",21°11'10.9361",584.517,2.07,4686585.441,7515362.168,584.517,FIXED,34,35,1,0.008,0.009,1,2025-08-24,13:00:14,1645,42°19'08.5599",21°11'12.1935",587.183,4686623.357,7515390.875,587.183,47.57,0,0°00'00",0°00'00",0.00000000,0.00000000,0,,2.995,0.025,584.517,,,,37°07'48.7149",3°12'10.5718"
Pt109,,42°19'08.8424",21°11'08.3875",584.565,0.000,0.000,0.000,42°19'08.8424",21°11'08.3875",584.565,2.07,4686631.880,7515303.712,584.565,FIXED,34,35,0.98,0.005,0.006,1,2025-08-24,13:02:58,1646,42°19'07.3457",21°11'10.8528",586.649,4686585.828,7515360.261,586.649,72.942,0,0°00'00",0°00'00",0.00000000,0.00000000,0,,0,0,584.565,,,,129°09'31.5334",1°37'52.4356"
Pt110,,42°19'09.6882",21°11'09.6497",583.998,0.000,0.000,0.000,42°19'09.6882",21°11'09.6497",583.998,2.07,4686658.039,7515332.555,583.998,FIXED,39,40,0.9,0.006,0.009,26,2025-08-24,13:05:13,1646,42°19'07.3457",21°11'10.8528",586.649,4686585.828,7515360.261,586.649,77.361,0,0°00'00",0°00'00",0.00000000,0.00000000,0,,0,0,583.998,,,,159°00'32.06",1°57'40.4723"
Pt111,,42°19'09.7110",21°11'09.6843",584.052,0.000,0.000,0.000,42°19'09.7110",21°11'09.6843",584.052,2.07,4686658.744,7515333.345,584.052,FIXED,35,36,0.9,0.004,0.005,1,2025-08-24,13:06:04,1647,42°19'09.6882",21°11'09.6511",586.082,4686658.038,7515332.588,586.082,1.036,0,0°00'00",0°00'00",0.00000000,0.00000000,0,,0,0,584.052,,,,227°00'10.0486",41°41'34.3587"
Pt112,,42°19'10.0926",21°11'10.0276",583.711,0.000,0.000,0.000,42°19'10.0926",21°11'10.0276",583.711,2.07,4686670.535,7515341.182,583.711,FIXED,36,37,0.87,0.005,0.006,1,2025-08-24,13:07:03,1647,42°19'09.6882",21°11'09.6511",586.082,4686658.038,7515332.588,586.082,15.173,0,0°00'00",0°00'00",0.00000000,0.00000000,0,,0,0,583.711,,,,214°30'53.0704",8°46'44.0937"
Pt113,,42°19'10.3943",21°11'10.2501",583.343,0.000,0.000,0.000,42°19'10.3943",21°11'10.2501",583.343,2.07,4686679.853,7515346.254,583.343,FIXED,40,41,0.86,0.004,0.005,1,2025-08-24,13:07:55,1647,42°19'09.6882",21°11'09.6511",586.082,4686658.038,7515332.588,586.082,25.756,0,0°00'00",0°00'00",0.00000000,0.00000000,0,,0,0,583.343,,,,212°03'57.8792",6°02'18.7577"
Pt114,,42°19'11.2038",21°11'10.8448",582.512,0.000,0.000,0.000,42°19'11.2038",21°11'10.8448",582.512,2.07,4686704.859,7515359.818,582.512,FIXED,37,39,0.87,0.006,0.009,1,2025-08-24,13:10:52,1647,42°19'09.6882",21°11'09.6511",586.082,4686658.038,7515332.588,586.082,54.195,0,0°00'00",0°00'00",0.00000000,0.00000000,0,,0,0,582.512,,,,210°10'52.0063",3°45'42.2257"
Pt115,,42°19'10.7310",21°11'11.8661",582.578,0.000,0.000,0.000,42°19'10.7310",21°11'11.8661",582.578,2.07,4686690.322,7515383.234,582.578,FIXED,37,39,0.88,0.007,0.011,1,2025-08-24,13:12:29,1647,42°19'09.6882",21°11'09.6511",586.082,4686658.038,7515332.588,586.082,60.089,0,0°00'00",0°00'00",0.00000000,0.00000000,0,,0,0,582.578,,,,237°29'05.718",3°19'58.574"
Pt116,,42°19'10.0172",21°11'11.2593",583.595,0.000,0.000,0.000,42°19'10.0172",21°11'11.2593",583.595,2.07,4686668.271,7515369.388,583.595,FIXED,40,41,0.87,0.006,0.009,1,2025-08-24,13:13:43,1647,42°19'09.6882",21°11'09.6511",586.082,4686658.038,7515332.588,586.082,38.206,0,0°00'00",0°00'00",0.00000000,0.00000000,0,,34.732,-0.037,583.595,,,,254°27'39.5348",3°42'59.3588"
Pt117,,42°19'09.3029",21°11'10.6833",584.239,0.000,0.000,0.000,42°19'09.3029",21°11'10.6833",584.239,2.07,4686646.203,7515356.247,584.239,FIXED,38,39,0.87,0.005,0.005,1,2025-08-24,13:15:06,1649,42°19'09.8884",21°11'11.1384",585.748,4686664.291,7515366.627,585.748,20.866,0,0°00'00",0°00'00",0.00000000,0.00000000,0,,36.987,0.009,584.239,,,,29°51'01.3703",4°07'32.8903"
Pt118,Guri,42°19'08.9695",21°11'12.1900",584.471,0.000,0.000,0.000,42°19'08.9695",21°11'12.1900",584.471,2.07,4686635.991,7515390.769,584.471,FIXED,38,39,0.88,0.007,0.009,1,2025-08-24,13:19:10,1654,42°19'08.8189",21°11'11.9866",586.327,4686631.336,7515386.122,586.327,6.582,0,0°00'00",0°00'00",0.00000000,0.00000000,0,,298.947,-1.519,584.471,,,,224°55'19.284",15°14'06.5248"
Pt119,Guri,42°19'09.8620",21°11'09.8205",583.757,0.000,0.000,0.000,42°19'09.8620",21°11'09.8205",583.757,2.07,4686663.411,7515336.454,583.757,FIXED,38,39,0.87,0.004,0.006,1,2025-08-24,13:20:42,1654,42°19'08.8189",21°11'11.9866",586.327,4686631.336,7515386.122,586.327,59.138,0,0°00'00",0°00'00",0.00000000,0.00000000,0,,117.009,-0.017,583.757,,,,122°51'27.9241",2°29'08.4164"
Pt120,,42°19'08.7581",21°11'12.1346",584.791,0.000,0.000,0.000,42°19'08.7581",21°11'12.1346",584.791,2.07,4686629.468,7515389.514,584.791,FIXED,35,37,0.94,0.054,0.086,1,2025-08-24,13:27:26,1654,42°19'08.8189",21°11'11.9866",586.327,4686631.336,7515386.122,586.327,3.909,0,0°00'00",0°00'00",0.00000000,0.00000000,0,,0,0,584.791,,,,298°50'31.6928",20°14'34.6788"
Pt121,,42°19'09.5136",21°11'12.6154",583.982,0.000,0.000,0.000,42°19'09.5136",21°11'12.6154",583.982,2.27,4686652.800,7515400.471,583.982,FIXED,36,37,0.96,0.048,0.074,1,2025-08-24,13:31:35,1654,42°19'08.8189",21°11'11.9866",586.327,4686631.336,7515386.122,586.327,25.823,0,0°00'00",0°00'00",0.00000000,0.00000000,0,,0,0,583.982,,,,213°45'47.3179",5°10'03.0083"
Pt122,,42°19'09.5126",21°11'12.6160",583.984,0.000,0.000,0.000,42°19'09.5126",21°11'12.6160",583.984,2.27,4686652.769,7515400.485,583.984,FIXED,35,36,1,0.005,0.006,1,2025-08-24,13:35:15,1654,42°19'08.8189",21°11'11.9866",586.327,4686631.336,7515386.122,586.327,25.805,0,0°00'00",0°00'00",0.00000000,0.00000000,0,,0,0,583.984,,,,213°49'38.727",5°10'01.4488"
Pt123,,42°19'10.5911",21°11'12.9975",582.588,0.000,0.000,0.000,42°19'10.5911",21°11'12.9975",582.588,2.27,4686686.064,7515409.147,582.588,FIXED,36,37,0.97,0.006,0.008,1,2025-08-24,13:38:47,1654,42°19'08.8189",21°11'11.9866",586.327,4686631.336,7515386.122,586.327,59.403,0,0°00'00",0°00'00",0.00000000,0.00000000,0,,0,0,582.588,,,,202°49'03.3734",3°35'44.8076"
Pt124,,42°19'10.1210",21°11'12.7566",582.990,0.000,0.000,0.000,42°19'10.1210",21°11'12.7566",582.990,1.77,4686671.547,7515403.663,582.990,FIXED,34,36,0.95,0.006,0.008,1,2025-08-24,13:45:55,1656,42°19'10.1744",21°11'12.6817",584.610,4686673.192,7515401.944,584.610,2.384,0,0°00'00",0°00'00",0.00000000,0.00000000,0,,0,0,582.99,,,,313°43'58.4262",29°22'15.2133"
Pt125,,42°19'10.1207",21°11'12.7561",582.948,0.000,0.000,0.000,42°19'10.1207",21°11'12.7561",582.948,1.77,4686671.540,7515403.652,582.948,FIXED,35,36,0.94,0.007,0.009,1,2025-08-24,13:46:26,1656,42°19'10.1744",21°11'12.6817",584.610,4686673.192,7515401.944,584.610,2.38,0,0°00'00",0°00'00",0.00000000,0.00000000,0,,0,0,582.948,,,,314°01'48.7676",29°48'52.664"
Pt126,,42°19'09.7794",21°11'19.1406",581.206,0.000,0.000,0.000,42°19'09.7794",21°11'19.1406",581.206,2.07,4686661.332,7515549.858,581.206,FIXED,35,36,0.97,0.005,0.006,1,2025-08-24,13:51:19,1657,42°19'10.7341",21°11'14.8019",583.895,4686690.566,7515450.451,583.895,103.638,0,0°00'00",0°00'00",0.00000000,0.00000000,0,,0,0,581.206,,,,286°23'15.7874",1°29'08.8727"
Pt127,,42°19'11.5752",21°11'20.5051",579.044,0.000,0.000,0.000,42°19'11.5752",21°11'20.5051",579.044,2.07,4686716.804,7515580.977,579.044,FIXED,34,35,0.93,0.007,0.009,20,2025-08-24,13:54:23,1657,42°19'10.7341",21°11'14.8019",583.895,4686690.566,7515450.451,583.895,133.191,0,0°00'00",0°00'00",0.00000000,0.00000000,0,,0,0,579.044,,,,258°38'02.2966",2°05'05.3092"
Pt128,,42°19'12.8961",21°11'21.4972",579.080,0.000,0.000,0.000,42°19'12.8961",21°11'21.4972",579.080,2.07,4686757.609,7515603.600,579.080,FIXED,32,33,0.97,0.046,0.068,1,2025-08-24,13:57:28,1661,42°19'12.7201",21°11'21.3572",581.627,4686752.171,7515600.407,581.627,6.326,0,0°00'00",0°00'00",0.00000000,0.00000000,0,,46.621,0.021,579.08,,,,210°25'27.2055",20°31'26.374"
Pt129,,42°19'12.9039",21°11'22.5182",579.792,0.000,0.000,0.000,42°19'12.9039",21°11'22.5182",579.792,2.07,4686757.901,7515626.978,579.792,FLOAT,29,32,1.02,0.313,0.491,1,2025-08-24,13:59:57,1662,42°19'12.4616",21°11'22.3296",581.923,4686744.246,7515622.688,581.923,14.315,0,0°00'00",0°00'00",0.00000000,0.00000000,0,,2.584,-0.002,579.792,,,,197°29'19.7724",8°10'01.0376"
Pt130,,42°19'12.6936",21°11'23.0100",579.617,0.000,0.000,0.000,42°19'12.6936",21°11'23.0100",579.617,2.07,4686751.437,7515638.251,579.617,FIXED,34,35,0.94,0.044,0.063,1,2025-08-24,14:04:58,1665,42°19'12.6233",21°11'22.9234",582.799,4686749.264,7515636.274,582.799,3.142,0,0°00'00",0°00'00",0.00000000,0.00000000,0,,0,0,579.617,,,,222°18'16.8666",36°18'11.0698"
Pt131,,42°19'12.5864",21°11'23.1928",579.185,0.000,0.000,0.000,42°19'12.5864",21°11'23.1928",579.185,2.07,4686748.140,7515642.445,579.185,FLOAT,31,32,0.99,0.319,0.472,1,2025-08-24,14:08:12,1665,42°19'12.6233",21°11'22.9234",582.799,4686749.264,7515636.274,582.799,6.461,0,0°00'00",0°00'00",0.00000000,0.00000000,0,,0,0,579.185,,,,280°19'05.5302",26°31'43.6516"
Pt132,,42°19'12.3548",21°11'23.5479",578.471,0.000,0.000,0.000,42°19'12.3548",21°11'23.5479",578.471,2.07,4686741.014,7515650.590,578.471,FIXED,29,31,1.12,0.066,0.101,1,2025-08-24,14:12:42,1668,42°19'12.1901",21°11'23.3994",581.363,4686735.925,7515647.201,581.363,6.17,0,0°00'00",0°00'00",0.00000000,0.00000000,0,,36.744,0.078,578.471,,,,213°39'35.5459",23°08'45.1973"
Pt133,,42°19'11.1970",21°11'22.5412",578.911,0.000,0.000,0.000,42°19'11.1970",21°11'22.5412",578.911,2.07,4686705.241,7515627.621,578.911,FIXED,33,34,0.93,0.004,0.005,1,2025-08-24,14:15:31,1668,42°19'12.1901",21°11'23.3994",581.363,4686735.925,7515647.201,581.363,36.408,0,0°00'00",0°00'00",0.00000000,0.00000000,0,,0,0,578.911,,,,32°32'34.801",3°50'42.3639"
Pt134,,42°19'11.3829",21°11'22.1511",578.910,0.000,0.000,0.000,42°19'11.3829",21°11'22.1511",578.910,2.07,4686710.958,7515618.677,578.910,FIXED,33,34,0.93,0.005,0.006,1,2025-08-24,14:16:13,1668,42°19'12.1901",21°11'23.3994",581.363,4686735.925,7515647.201,581.363,37.917,0,0°00'00",0°00'00",0.00000000,0.00000000,0,,0,0,578.91,,,,48°48'17.3799",3°41'39.4775"
Pt135,,42°19'11.4590",21°11'21.9395",578.965,0.000,0.000,0.000,42°19'11.4590",21°11'21.9395",578.965,2.07,4686713.293,7515613.827,578.965,FIXED,33,34,0.93,0.005,0.006,1,2025-08-24,14:16:41,1668,42°19'12.1901",21°11'23.3994",581.363,4686735.925,7515647.201,581.363,40.333,0,0°00'00",0°00'00",0.00000000,0.00000000,0,,45.285,-0.012,578.965,,,,55°51'27.2678",3°23'46.2578"
Pt136,,42°19'10.2437",21°11'20.8859",578.937,0.000,0.000,0.000,42°19'10.2437",21°11'20.8859",578.937,2.07,4686675.745,7515589.786,578.937,FIXED,34,35,0.93,0.005,0.007,1,2025-08-24,14:18:51,1668,42°19'12.1901",21°11'23.3994",581.363,4686735.925,7515647.201,581.363,83.192,0,0°00'00",0°00'00",0.00000000,0.00000000,0,,89.87,0.009,578.937,,,,43°39'10.614",1°40'11.2884"
Pt137,,42°19'10.1909",21°11'21.1183",578.868,0.000,0.000,0.000,42°19'10.1909",21°11'21.1183",578.868,2.07,4686674.129,7515595.110,578.868,FIXED,31,32,1,0.005,0.007,1,2025-08-24,14:20:31,1668,42°19'12.1901",21°11'23.3994",581.363,4686735.925,7515647.201,581.363,80.839,0,0°00'00",0°00'00",0.00000000,0.00000000,0,,0,0,578.868,,,,40°07'44.9245",1°46'01.179"
Pt138,,42°19'10.0055",21°11'21.5072",578.835,0.000,0.000,0.000,42°19'10.0055",21°11'21.5072",578.835,2.07,4686668.427,7515604.029,578.835,FIXED,31,32,1,0.004,0.005,1,2025-08-24,14:21:40,1668,42°19'12.1901",21°11'23.3994",581.363,4686735.925,7515647.201,581.363,80.14,0,0°00'00",0°00'00",0.00000000,0.00000000,0,,0,0,578.835,,,,32°36'12.107",1°48'20.7805"
Pt139,,42°19'10.2860",21°11'20.9232",578.894,0.000,0.000,0.000,42°19'10.2860",21°11'20.9232",578.894,2.07,4686677.052,7515590.636,578.894,FIXED,31,33,1,0.006,0.007,1,2025-08-24,14:23:33,1668,42°19'12.1901",21°11'23.3994",581.363,4686735.925,7515647.201,581.363,81.66,0,0°00'00",0°00'00",0.00000000,0.00000000,0,,88.311,-0.003,578.894,,,,43°51'17.0691",1°43'52.3079"
Pt140,,42°19'09.3044",21°11'20.8977",579.312,0.000,0.000,0.000,42°19'09.3044",21°11'20.8977",579.312,2.07,4686646.767,7515590.122,579.312,FIXED,31,32,1,0.005,0.006,1,2025-08-24,14:25:01,1668,42°19'12.1901",21°11'23.3994",581.363,4686735.925,7515647.201,581.363,105.884,0,0°00'00",0°00'00",0.00000000,0.00000000,0,,0,0,579.312,,,,32°37'39.7744",1°06'34.5498"
Pt141,,42°19'08.7479",21°11'20.4187",580.353,0.000,0.000,0.000,42°19'08.7479",21°11'20.4187",580.353,2.07,4686629.571,7515579.192,580.353,FIXED,32,33,0.95,0.006,0.008,1,2025-08-24,14:26:31,1668,42°19'12.1901",21°11'23.3994",581.363,4686735.925,7515647.201,581.363,126.268,0,0°00'00",0°00'00",0.00000000,0.00000000,0,,0,0,580.353,,,,32°35'50.8488",0°27'29.5328"
Pt142,,42°19'09.0505",21°11'20.1321",581.000,0.000,0.000,0.000,42°19'09.0505",21°11'20.1321",581.000,2.07,4686638.894,7515572.608,581.000,FIXED,38,40,0.96,0.006,0.007,1,2025-08-24,14:28:20,1668,42°19'12.1901",21°11'23.3994",581.363,4686735.925,7515647.201,581.363,122.424,0,0°00'00",0°00'00",0.00000000,0.00000000,0,,0,0,581,,,,37°33'05.4536",0°10'11.8188"
Pt143,,42°19'09.2056",21°11'19.9868",581.513,0.000,0.000,0.000,42°19'09.2056",21°11'19.9868",581.513,2.07,4686643.672,7515569.270,581.513,FIXED,31,32,0.98,0.005,0.006,1,2025-08-24,14:29:08,1668,42°19'12.1901",21°11'23.3994",581.363,4686735.925,7515647.201,581.363,120.807,0,0°00'00",0°00'00",0.00000000,0.00000000,0,,0,0,581.513,,,,40°11'22.7685",-0°04'15.8109"
Pt144,,42°19'09.2338",21°11'19.9599",581.494,0.000,0.000,0.000,42°19'09.2338",21°11'19.9599",581.494,2.07,4686644.558,7515568.672,581.497,FIXED,39,40,0.96,0.005,0.006,1,2025-08-24,14:29:36,1668,42°19'12.1901",21°11'23.3994",581.363,4686735.925,7515647.201,581.363,120.547,0,0°00'00",0°00'00",0.00000000,0.00000000,0,,0,0,581.497,,,,40°40'48.5223",-0°03'45.0433"
